date,month,day_of_week,sessions,paid_sessions,organic_sessions,cvr,orders,aov,new_customers,new_revenue,return_revenue,total_revenue,target_revenue,spend,cac,roas
2026-01-01,1,Thursday,9563,7860,1703,2.0906,199,81.94,141,11630.94,4675.2,16306.14,45161.29,41154.26,291.87,0.4
2026-01-02,1,Friday,11654,9782,1872,2.0183,235,84.1,169,14275.25,5488.56,19763.81,45161.29,47357.13,280.22,0.42
2026-01-03,1,Saturday,6662,5590,1072,1.9642,130,94.37,90,8553.55,3714.21,12267.76,45161.29,25714.14,285.71,0.48
2026-01-04,1,Sunday,7241,6045,1196,1.8838,136,96.85,93,9083.05,4089.17,13172.22,45161.29,23851.05,256.46,0.55
2026-01-05,1,Monday,10541,8616,1925,2.1283,224,80.08,160,12883.82,5054.35,17938.17,45161.29,45823.43,286.4,0.39
2026-01-06,1,Tuesday,10706,8921,1785,2.4164,258,86.33,174,15048.93,7223.44,22272.37,45161.29,49205.18,282.79,0.45
2026-01-07,1,Wednesday,11157,9170,1987,2.3651,263,90.97,182,16615.74,7310.22,23925.96,45161.29,45269.03,248.73,0.53
2026-01-08,1,Thursday,8867,7470,1397,2.213,196,80.37,139,11197.21,4555.41,15752.62,45161.29,36717.13,264.15,0.43
2026-01-09,1,Friday,11403,9540,1863,2.1409,244,84.54,173,14679.49,5947.76,20627.25,45161.29,53302.31,308.11,0.39
2026-01-10,1,Saturday,8512,7150,1362,2.136,181,88.5,124,10992.35,5026.75,16019.1,45161.29,33563.81,270.68,0.48
2026-01-11,1,Sunday,7967,6505,1462,2.149,171,94.45,117,11113.05,5038.47,16151.52,45161.29,34755.37,297.05,0.46
2026-01-12,1,Monday,8916,7472,1444,1.9946,177,84.27,125,10560.14,4355.92,14916.06,45161.29,38507.48,308.06,0.39
2026-01-13,1,Tuesday,11405,9280,2125,2.225,253,89.17,177,15824.85,6734.71,22559.56,45161.29,48776.14,275.57,0.46
2026-01-14,1,Wednesday,9849,8124,1725,2.1936,216,88.03,152,13455.26,5559.11,19014.37,45161.29,46320.47,304.74,0.41
2026-01-15,1,Thursday,9755,8211,1544,2.181,212,94.3,147,13900.31,6090.46,19990.77,45161.29,36429.43,247.82,0.55
2026-01-16,1,Friday,10059,8474,1585,2.2568,227,91.6,158,14540.93,6252.85,20793.78,45161.29,42660.71,270.0,0.49
2026-01-17,1,Saturday,9717,8202,1515,2.1029,204,101.84,138,14076.84,6697.55,20774.39,45161.29,40361.39,292.47,0.51
2026-01-18,1,Sunday,7586,6376,1210,2.1062,159,91.34,109,9992.34,4531.02,14523.36,45161.29,29786.81,273.27,0.49
2026-01-19,1,Monday,9890,8178,1712,2.4006,237,93.32,167,15617.69,6498.61,22116.3,45161.29,42765.32,256.08,0.52
2026-01-20,1,Tuesday,11874,9772,2102,2.4822,294,85.35,202,17251.71,7841.55,25093.26,45161.29,51354.95,254.23,0.49
2026-01-21,1,Wednesday,11759,9923,1836,2.3292,273,92.31,189,17451.09,7748.53,25199.62,45161.29,50179.77,265.5,0.5
2026-01-22,1,Thursday,8834,7359,1475,2.5094,221,93.9,149,14058.84,6693.88,20752.72,45161.29,36902.01,247.66,0.56
2026-01-23,1,Friday,12988,10925,2063,2.3978,311,82.83,215,17879.71,7880.32,25760.03,45161.29,63261.56,294.24,0.41
2026-01-24,1,Saturday,9328,7781,1547,1.9357,180,95.61,124,11886.56,5324.02,17210.58,45161.29,37388.44,301.52,0.46
2026-01-25,1,Sunday,7160,5988,1172,1.9706,141,96.79,96,9300.23,4346.5,13646.73,45161.29,25357.36,264.14,0.54
2026-01-26,1,Monday,11706,9820,1886,2.2672,265,88.35,183,16192.26,7219.3,23411.56,45161.29,47256.26,258.23,0.5
2026-01-27,1,Tuesday,10190,8565,1625,2.3522,239,85.54,168,14433.43,6011.14,20444.57,45161.29,47889.34,285.06,0.43
2026-01-28,1,Wednesday,10126,8450,1676,2.4988,253,94.73,180,17089.73,6877.19,23966.92,45161.29,51735.96,287.42,0.46
2026-01-29,1,Thursday,9519,7864,1655,2.1415,203,96.0,139,13410.25,6078.71,19488.96,45161.29,40996.47,294.94,0.48
2026-01-30,1,Friday,12819,10610,2209,2.0651,264,84.13,183,15428.86,6780.35,22209.21,45161.29,50097.38,273.76,0.44
2026-01-31,1,Saturday,9266,7675,1591,2.1639,200,104.85,142,14906.06,6063.16,20969.22,45161.29,37653.16,265.16,0.56
2026-02-01,2,Sunday,8119,6718,1401,1.9863,161,92.48,111,10322.42,4567.63,14890.05,53571.43,28971.99,261.01,0.51
2026-02-02,2,Monday,9398,7732,1666,2.3879,224,89.45,150,13475.32,6562.32,20037.64,53571.43,36870.41,245.8,0.54
2026-02-03,2,Tuesday,12249,9947,2302,2.4671,302,97.24,202,19644.58,9721.31,29365.89,53571.43,51171.87,253.33,0.57
2026-02-04,2,Wednesday,10892,9023,1869,2.1794,237,89.19,168,15044.33,6094.08,21138.41,53571.43,51626.12,307.3,0.41
2026-02-05,2,Thursday,9584,7743,1841,2.4431,234,90.15,162,14625.61,6469.27,21094.88,53571.43,49865.19,307.81,0.42
2026-02-06,2,Friday,11793,9521,2272,2.2979,270,85.95,188,16229.33,6978.32,23207.65,53571.43,52674.81,280.19,0.44
2026-02-07,2,Saturday,8660,7132,1528,2.1955,190,91.47,130,11900.2,5479.71,17379.91,53571.43,38750.96,298.08,0.45
2026-02-08,2,Sunday,6481,5315,1166,2.2845,148,92.01,104,9590.49,4027.46,13617.95,53571.43,29767.98,286.23,0.46
2026-02-09,2,Monday,9209,7551,1658,2.0345,187,97.23,131,12744.21,5436.95,18181.16,53571.43,36995.19,282.41,0.49
2026-02-10,2,Tuesday,10218,8518,1700,2.3507,240,92.02,159,14715.58,7369.96,22085.54,53571.43,45893.37,288.64,0.48
2026-02-11,2,Wednesday,9895,8208,1687,2.2639,224,94.39,156,14751.71,6391.82,21143.53,53571.43,45370.78,290.84,0.47
2026-02-12,2,Thursday,8810,7382,1428,2.2929,202,99.39,133,13302.17,6773.93,20076.1,53571.43,33948.09,255.25,0.59
2026-02-13,2,Friday,10554,8731,1823,2.3929,252,97.84,168,16473.55,8183.31,24656.86,53571.43,42247.81,251.48,0.58
2026-02-14,2,Saturday,9200,7516,1684,2.1772,200,101.58,132,13456.92,6858.98,20315.9,53571.43,31877.12,241.49,0.64
2026-02-15,2,Sunday,7729,6456,1273,2.0081,155,102.6,102,10567.72,5335.94,15903.66,53571.43,25340.7,248.44,0.63
2026-02-16,2,Monday,8615,7016,1599,2.2257,191,89.38,130,11625.29,5447.2,17072.49,53571.43,33032.98,254.1,0.52
2026-02-17,2,Tuesday,10629,8606,2023,2.2033,234,92.77,155,14447.96,7261.02,21708.98,53571.43,38233.28,246.67,0.57
2026-02-18,2,Wednesday,10231,8358,1873,2.2092,226,85.73,151,13018.87,6355.55,19374.42,53571.43,38907.76,257.67,0.5
2026-02-19,2,Thursday,10567,8842,1725,2.3364,246,92.23,174,16107.98,6579.66,22687.64,53571.43,51896.2,298.25,0.44
2026-02-20,2,Friday,12413,10353,2060,2.2225,275,98.49,187,18440.8,8644.5,27085.3,53571.43,46486.37,248.59,0.58
2026-02-21,2,Saturday,7686,6203,1483,2.2593,173,105.96,115,12217.2,6113.09,18330.29,53571.43,29195.5,253.87,0.63
2026-02-22,2,Sunday,6368,5250,1118,1.9262,122,105.9,81,8591.86,4328.17,12920.03,53571.43,22730.03,280.62,0.57
2026-02-23,2,Monday,8546,6921,1625,2.392,204,99.52,134,13399.87,6902.02,20301.89,53571.43,39869.28,297.53,0.51
2026-02-24,2,Tuesday,8558,6931,1627,2.4222,207,91.69,137,12564.25,6414.86,18979.11,53571.43,40585.5,296.24,0.47
2026-02-25,2,Wednesday,11194,9036,2158,2.205,246,98.74,173,17084.29,7205.73,24290.02,53571.43,51162.12,295.73,0.47
2026-02-26,2,Thursday,8843,7161,1682,2.4593,217,93.98,150,14134.67,6259.48,20394.15,53571.43,38155.05,254.37,0.53
2026-02-27,2,Friday,9302,7474,1828,2.0676,192,92.16,127,11756.99,5938.28,17695.27,53571.43,32715.23,257.6,0.54
2026-02-28,2,Saturday,8346,6713,1633,2.0507,171,110.44,116,12856.53,6029.0,18885.53,53571.43,28626.55,246.78,0.66
2026-03-01,3,Sunday,7757,6469,1288,1.9582,151,110.78,104,11612.78,5114.98,16727.76,54838.71,27817.13,267.47,0.6
2026-03-02,3,Monday,10076,8301,1775,2.1208,213,97.32,145,14124.92,6603.77,20728.69,54838.71,40105.89,276.59,0.52
2026-03-03,3,Tuesday,9164,7498,1666,2.4097,220,88.23,145,12812.01,6599.35,19411.36,54838.71,41434.61,285.76,0.47
2026-03-04,3,Wednesday,10908,8873,2035,2.3921,260,93.98,182,17184.99,7249.08,24434.07,54838.71,47367.9,260.26,0.52
2026-03-05,3,Thursday,9068,7491,1577,2.4742,224,99.64,154,15428.36,6889.91,22318.27,54838.71,40843.56,265.22,0.55
2026-03-06,3,Friday,10514,8444,2070,2.1131,222,90.69,152,13788.02,6344.5,20132.52,54838.71,42951.32,282.57,0.47
2026-03-07,3,Saturday,8979,7515,1464,2.1414,192,101.03,130,13152.9,6245.25,19398.15,54838.71,33415.98,257.05,0.58
2026-03-08,3,Sunday,6650,5458,1192,2.1265,141,107.15,96,10303.3,4804.37,15107.67,54838.71,24206.94,252.16,0.62
2026-03-09,3,Monday,9373,7814,1559,2.3801,223,101.6,155,15787.02,6868.88,22655.9,54838.71,42101.66,271.62,0.54
2026-03-10,3,Tuesday,10337,8395,1942,2.2372,231,102.14,154,15731.23,7863.53,23594.76,54838.71,38901.17,252.6,0.61
2026-03-11,3,Wednesday,9324,7511,1813,2.0935,195,93.4,132,12395.81,5817.9,18213.71,54838.71,32026.42,242.62,0.57
2026-03-12,3,Thursday,9458,7739,1719,2.3736,224,92.8,149,13904.62,6882.2,20786.82,54838.71,37786.09,253.6,0.55
2026-03-13,3,Friday,11493,9565,1928,1.9856,228,101.68,151,15413.03,7770.82,23183.85,54838.71,40046.47,265.21,0.58
2026-03-14,3,Saturday,7352,6079,1273,2.2851,167,106.09,117,12429.04,5287.66,17716.7,54838.71,34220.8,292.49,0.52
2026-03-15,3,Sunday,6836,5565,1271,2.2196,151,108.83,98,10730.65,5702.92,16433.57,54838.71,29294.04,298.92,0.56
2026-03-16,3,Monday,10797,8695,2102,2.2533,243,101.78,164,16757.49,7974.86,24732.35,54838.71,44729.03,272.74,0.55
2026-03-17,3,Tuesday,11409,9429,1980,2.4266,276,98.12,190,18684.23,8397.28,27081.51,54838.71,52896.75,278.4,0.51
2026-03-18,3,Wednesday,11379,9473,1906,2.3238,264,100.71,181,18315.26,8273.24,26588.5,54838.71,46246.97,255.51,0.57
2026-03-19,3,Thursday,9322,7706,1616,2.2305,207,99.54,143,14332.5,6272.17,20604.67,54838.71,40290.48,281.75,0.51
2026-03-20,3,Friday,12051,9879,2172,2.0117,242,97.63,163,15933.79,7692.99,23626.78,54838.71,40774.06,250.15,0.58
2026-03-21,3,Saturday,8237,6618,1619,2.2632,186,108.67,123,13465.7,6747.8,20213.5,54838.71,35188.2,286.08,0.57
2026-03-22,3,Sunday,6935,5571,1364,1.8868,130,104.89,86,9038.76,4597.24,13636.0,54838.71,25632.45,298.05,0.53
2026-03-23,3,Monday,9813,8110,1703,2.3131,226,100.41,151,15212.03,7480.9,22692.93,54838.71,37835.88,250.57,0.6
2026-03-24,3,Tuesday,10427,8545,1882,2.0962,218,97.25,145,14121.68,7078.99,21200.67,54838.71,35805.41,246.93,0.59
2026-03-25,3,Wednesday,10905,8939,1966,2.1419,233,102.02,163,16632.22,7138.62,23770.84,54838.71,44421.99,272.53,0.54
2026-03-26,3,Thursday,8989,7481,1508,2.3804,213,94.41,144,13610.45,6499.76,20110.21,54838.71,37505.81,260.46,0.54
2026-03-27,3,Friday,10867,8761,2106,2.1278,231,104.65,157,16457.87,7716.62,24174.49,54838.71,45444.8,289.46,0.53
2026-03-28,3,Saturday,8200,6534,1666,1.9189,157,100.34,105,10588.68,5164.88,15753.56,54838.71,27122.64,258.31,0.58
2026-03-29,3,Sunday,7900,6308,1592,2.2118,174,111.56,114,12823.4,6587.31,19410.71,54838.71,28328.53,248.5,0.69
2026-03-30,3,Monday,9057,7360,1697,2.0511,185,95.0,122,11682.65,5891.84,17574.49,54838.71,30446.46,249.56,0.58
2026-03-31,3,Tuesday,11862,9557,2305,2.4381,289,95.86,192,18496.57,9205.6,27702.17,54838.71,46615.55,242.79,0.59
